fecha,consumo_gwh,clientes_comerciales,temperatura_media_c,dias_habiles
2015-01-01,108.32,41827,19.6,22
2015-02-01,94.71,41918,18.7,20
2015-03-01,89.52,42045,16.5,22
2015-04-01,82.24,42129,13.3,22
2015-05-01,82.6,42242,12.0,21
2015-06-01,85.38,42356,10.9,22
2015-07-01,87.81,42488,10.5,23
2015-08-01,84.76,42592,11.1,21
2015-09-01,83.93,42724,12.6,22
2015-10-01,83.83,42822,14.7,22
2015-11-01,95.17,42926,16.5,21
2015-12-01,111.08,43021,18.9,23
2016-01-01,112.19,43178,18.3,21
2016-02-01,107.46,43243,18.4,21
2016-03-01,97.99,43375,17.5,23
2016-04-01,88.83,43457,15.4,21
2016-05-01,88.05,43576,12.6,22
2016-06-01,94.52,43698,10.6,22
2016-07-01,98.28,43839,10.8,21
2016-08-01,,43972,11.5,23
2016-09-01,93.44,44066,11.9,22
2016-10-01,90.82,44193,14.9,21
2016-11-01,104.56,44332,17.8,22
2016-12-01,118.16,44484,18.3,22
2017-01-01,121.14,44591,19.6,22
2017-02-01,108.73,44698,18.4,20
2017-03-01,101.66,44822,16.6,23
2017-04-01,90.13,44915,15.4,20
2017-05-01,90.59,45045,13.6,23
2017-06-01,96.36,45190,11.5,22
2017-07-01,99.28,45296,11.0,21
2017-08-01,102.94,45428,11.3,23
2017-09-01,95.16,45562,13.6,21
2017-10-01,95.74,45709,16.1,22
2017-11-01,118.96,45814,18.8,22
2017-12-01,119.97,45904,20.4,21
2018-01-01,130.23,45983,20.5,23
2018-02-01,115.84,46110,18.9,20
2018-03-01,108.89,46252,17.1,22
2018-04-01,98.81,46379,14.7,21
2018-05-01,97.36,46518,14.0,23
2018-06-01,98.6,46619,11.5,21
2018-07-01,102.33,46752,11.2,22
2018-08-01,99.82,46838,12.1,23
2018-09-01,92.64,46941,13.3,20
2018-10-01,100.88,47010,14.8,23
2018-11-01,117.25,47134,17.2,22
2018-12-01,122.42,47247,19.9,21
2019-01-01,128.36,47349,20.2,23
2019-02-01,,47466,18.4,20
2019-03-01,105.49,47561,17.8,21
2019-04-01,97.91,48620,15.6,22
2019-05-01,96.18,48720,14.8,23
2019-06-01,101.31,48883,12.4,20
2019-07-01,105.59,49022,10.7,23
2019-08-01,104.03,49149,12.0,22
2019-09-01,98.83,49305,12.0,21
2019-10-01,102.58,49431,14.6,23
2019-11-01,108.19,49557,17.9,21
2019-12-01,121.73,49707,19.5,22
2020-01-01,124.4,49816,21.6,23
2020-02-01,115.61,49948,21.0,20
2020-03-01,98.2,50130,17.3,22
2020-04-01,78.15,50255,16.1,22
2020-05-01,73.19,50354,14.3,21
2020-06-01,80.6,50453,12.1,22
2020-07-01,90.0,50550,11.7,23
2020-08-01,89.17,50672,12.8,21
2020-09-01,87.62,50815,13.9,22
2020-10-01,90.38,50952,16.2,22
2020-11-01,99.72,51047,16.9,21
2020-12-01,118.81,51182,19.8,23
2021-01-01,123.39,51339,19.7,21
2021-02-01,108.79,51445,20.1,20
2021-03-01,103.48,51590,18.6,23
2021-04-01,91.49,51737,15.2,22
2021-05-01,92.0,51884,12.1,21
2021-06-01,96.28,51952,11.7,22
2021-07-01,102.84,52080,12.5,22
2021-08-01,100.03,52197,13.2,22
2021-09-01,95.84,52317,15.5,22
2021-10-01,91.2,52412,15.3,21
2021-11-01,102.83,52582,19.2,22
2021-12-01,117.64,52694,18.4,23
2022-01-01,121.64,52834,19.9,21
2022-02-01,116.51,52971,18.7,20
2022-03-01,106.31,53086,18.3,23
2022-04-01,98.55,53208,14.9,21
2022-05-01,99.24,53358,15.2,22
2022-06-01,,53449,12.1,22
2022-07-01,103.55,53542,11.6,21
2022-08-01,104.37,53655,12.5,23
2022-09-01,100.06,53794,14.2,22
2022-10-01,99.08,53899,15.3,21
2022-11-01,111.83,54039,18.0,22
2022-12-01,122.71,54151,19.0,22
2023-01-01,132.06,54240,21.3,22
2023-02-01,117.49,54356,21.7,20
2023-03-01,114.88,54458,18.4,23
2023-04-01,99.53,54578,17.4,20
2023-05-01,105.07,54663,13.7,23
2023-06-01,109.91,54791,12.9,22
2023-07-01,111.98,54919,11.7,21
2023-08-01,107.31,55027,12.0,23
2023-09-01,106.15,55123,15.2,21
2023-10-01,106.61,55226,14.6,22
2023-11-01,119.37,55309,18.6,22
2023-12-01,133.58,55436,20.8,21
2024-01-01,145.82,55521,20.5,23
2024-02-01,135.73,55621,19.9,21
2024-03-01,116.51,55723,18.3,21
2024-04-01,107.29,55872,16.1,22
2024-05-01,111.66,55981,15.0,23
2024-06-01,112.6,56097,14.8,20
2024-07-01,119.2,56201,12.1,23
2024-08-01,115.22,56356,12.6,22
2024-09-01,110.39,56523,14.1,21
2024-10-01,111.0,56652,17.0,23
2024-11-01,117.7,56774,19.6,21
2024-12-01,137.47,56885,20.1,22
